query_sequence,wild_type_recovery,raw_jobname
SVQITVTIKNENETITIKKTVSSEEDFKKVLEELKKLIKEKNPKEVTISVKASTPEEAKKYAEILEKLLKELGYNDIKIEFDGNTVTVTGKK,0.4456521868705749,0
GLKITVIIEKENETLRLEFEVDSEEELEKVLKEIEELIKKKNPEKVSISVEAETPEEAKKYAEKLKKLFEKLGYNNIEVKFEGNKVTVTGEK,0.4021739065647125,1
MVKITVVIEKGNKTENLEYSVSDEKEFEKVLKEIEEKIKEADPETVSISVTAETPEEAKKYAEILKKLLTKLGYKDITVTMNGNTVTVTGKK,0.4239130318164825,2
MIKIKVTIEKGDKTIEIEYEVESEKEFEKVLKELEKIIKEENPEKVTISVEAKTPEEAEKYAKILKEVLTRLGYKDIEIKFEGNTVTVTGKK,0.4347825944423675,3
MIKILVVIEDDNETIVIEEEVESEEEFEKVLERLRKLIEELNPRRVTISVEAETPEEAEKYAEILRKLLEELGYKRIEVKLEGNTVTVTGEL,0.4239130318164825,4
SIKIKVRIEKGNEKIEIEEEVESEEEFEKVLKEIKKLIKELNPEKVEISVEAESKEEAEKYAKILEKLLKELGYKDLKVEFDGNKVTVTGKR,0.4130434691905975,5
MIEITVVLESDGMTIELRYTVESEEELEEVLERLRELIRELDPPVVTISVKAESPEEAERFAERLRELLTDLGYSDLTVEFDGTTVTVTGRR,0.3913043439388275,6
MIKIEVVIKKGDKTIKLNYEVKSEEELEKVLSEVKELIKEENPEEVKISVEAETPEEAEKYAEIFKKLLTELGYKDIKVEMEGNKVTVTGKK,0.4239130318164825,7
MIKIKVSIEDGGTTINLEYEVDSEEEFQKVLEEIRKLIKEKNPATVTISVEAESKEEAEEYAKILTKLFKELGYSDIEVKFEGNTVTVTGKK,0.4673913121223449,8
MIKITVTITDGSSTTVIEEEVDTDDALTEVLSKIAELIKEKNPKEVTISVTAATPEEAKKYAELLTKLFTDLGYSDITVKFDGNTVTVTGTR,0.4239130318164825,9
MIKITVVIEKDGKTLTIEETVENEEELEEVLKRLEEIIKKENPEKVTISITAETPEEAKKYAELLKKLLEKLGYSDITVKMEGNTVTVTGKR,0.4456521868705749,10
MIEIIVKIEKDNNVEILEYEVASEEELEEVLEEIKERIKKLNPPKVSISIKAATPEEAKEYAEKLRKLFEELGYSNLKIEFEGNTVTVTGEK,0.4021739065647125,11
MIRITVTIEDDDETLVLEFEVDSEEELEEVLARLEEVIRERDPPRVTISVEASSPEEAERYAELLEELLRRLGYSDIEVEFNGTTVTVTGTR,0.3804347813129425,12
MIEITVTIEDNGKTIVIKDEVDSEEELEKVLKKLEEVIKKLNPETVSISVKAKTPEEAKKYAEKLKALFEKLGYKDIDVKFEGNTVTVTGKK,0.4565217494964599,13
MVKITVKIEKDNETIEIEKEVESEEELEDVLNEIKKIVKEKNPELVEISVEAETPEEAEKYAKILKSLFTDLGYKDIEVKMEGNKVTVKGRK,0.3804347813129425,14
SILIKVEIEKGDKVITIEKRVESDKDLEEVLEELKEKIKELNPEKVKISIEAETKEEAEKYAEKLKKLFKELGYNDIKVKFDGNTVTVEGKK,0.47826087474823,15
MIKITVVIKKDDKVITLEYEVSSEEELEEVLEEIKKKIKEEDPEEVTISVEAETPEEAKKYAEKLKKLLKELGYKDIKVEMNGTTVTVTGKR,0.4130434691905975,16
PIKITVTIEKGDETLVIEKVVESEEELEEVLKEIKEIIKKKNPEKVSISVTAETKEEAEKYAELLKKLLTELGYKNITVKFEGNTVTVTGEK,0.4347825944423675,17
KIIIEVLIEDEDRTIYLRYEVEDDEEFEEVLQEIREIIERENPPRVTISVTAETPEEAERYAEILQKLLEELGYKNITVKLEGNTVTVTGER,0.4021739065647125,18
MIKITVTIEDGDKTVELEYEVDSDEALKEVLEEIEKKIKELNPKKVTVAVEAETPEKAKQYAEILKDLFKKLGYKNIKVEFDGNTVTVTGEK,0.3804347813129425,19
KIEITVEIEDGGEKITLKYEVESEEEFEKVLEEIRELIKKKNPKKVTISVKAETPEEAERYAEVLRKLFEELGYKDIKVEFDGNTVTVTGEK,0.47826087474823,20
MIKIEVVIKKGNKTIKLKFEVENEEEFEKVLAKIKELIEKLNPEEVEISITAETPEEAEKYAEILRKLLTELGYKEIKVELEGNTVKVTGKR,0.4130434691905975,21
MIKITVEIEDGNKKIVINEEVESDEEFEKVLKKIEEIIKKENPKKVKISVEASSPEEAEKYAEILKELLTKLGYKNIKVEFDGNTVTVEGEK,0.4239130318164825,22
GIKIKLKIENENEVIEIEETVSSDAEFDKVLSKLEEIIKEKNPKKVTISVTASTAAEAKTYATKLTELLKKLGYKNIKVEFDGNTVTVTGEK,0.3804347813129425,23
GIKITVVIEDKDKTEILEYEVEDEEELEAVLKDIAEKIKKLRPKKVSISVTAKTPEEAKKYAEKLKELFEKLGYKNIKIEFNGNTVTVTGEL,0.4347825944423675,24
MIKITVEIEKDDEVIKLEFEVESEEELKEVLKKIEEIIKKKNPENVTISVKAETKEEAERYAKLLEELFKKLGYKDITVEFDGNTVTVTGKK,0.4130434691905975,25
MIEIKVEIEKDDEKIVIEKTVESEEELKNVLEELRKIIKEIDPKKVKISVTAETKEEAIKYANILKELLEELGYNNIEVKLDGNTVTVSGEK,0.4565217494964599,26
MIKVTIVIKKDNKTIVIEKEVESEEELKKVIKEFEEIIKKENPPEVEISVEAKTPEEAKRYAELLKKLLKKLGYNEIEVKFEGNTVTVKGKR,0.4021739065647125,27
MIKIEVTIEKGDLTLNITEEVDSEEGLEEVLKRIKKVIKELDPPVVTISITAPTAEEAEKYAKILKKLLEELGYNDIEVKFEGNTVTVTGRK,0.4456521868705749,28
MIEIEVIIEKDGKVIRLIYKVESEEELKGILEEIKEVIRKLNPPRVTISITAKTPEEAKKFAELLKKLLEELGYNEIEVKFEGNTVTVTGRK,0.4673913121223449,29
SIKITVTIEKGEETIVLNYEVSSDEDFEKVLAEIEKIIKEKNPERVTISVTAQTKEEAEKYAKILKELLTKLGYNDITVEFDGNTVTVTGIK,0.4456521868705749,30
AIEITITIEKGDKTLIIQRRVSDEEEFDEVLEEFKEIIEKENPEKVTISVKAETPEEAEKYAKKLTEFFKELGYKDIEVKFEGNTVTVTGTK,0.4021739065647125,31
SIKIKVKIVKDDEELELEYEVDDREELEKVLEEIKKIVKKKNPPRVEISVEARTPEEAEEYAKILEKFLKELGYKDIKVELKGNTVTVTGEK,0.4347825944423675,32
MIKIKVTIEKGDETEVLEYEVDSDEELEEVLAEIKKKIEEKNAPTVTISVEAETPEEAKKYATKLTKLLTELGYKDITVQFDGTTVTVTGKK,0.4130434691905975,33
MIKILVKIEDGNKTIILKYEVESDEELDKVLEDIKKTIKELNPKEVTISVEAETPEEAKKYAEKLEKLFKDLGYNDIKVEFEGNKVTVTGTK,0.4347825944423675,34
MIKITVIIEKDNETIKLEYEVENDEELEKVLEELKELIKKKNPPVVTISVEAETKEEAEKYAELLKKLLEELGYNDITITFEGNKVTVTGKK,0.4565217494964599,35
GLQITVEIEDGDEKIVLEYEVESEEEFEKVLKEIEEIIKEKNPPVVTISVKAKTPEEAEKYAKILKELFEKLGYSEIEVKMEGNTVTVTGRK,0.4130434691905975,36
MIEIKVEIKEDDKVINLEYEVESEEEFKEVLEEIKLLIKKLNPKEVTISVKAETPEEAKKYAEILKKLLEELGYKDIEVKFEGNTVTVKGTK,0.4456521868705749,37
MLKITVTIEDGGKTIVLEWEVSTEEDLEKVLERIKEIIKKENPEKVTISVEAETPEKAKEYAEKLEKLLKELGYNDIKIELDGNTVTVTGTK,0.4130434691905975,38
MTKITLKIESGDKTLTIEKEVSSEEEFEKVLEELKKLIEKENPKKVTISVEAKTKEEAEKYAEILRKFLTELGYKDIKVEFNGTTVTVTGEK,0.4456521868705749,39
SIKINVTISKGGEEINLEFEVSSNEELEQVLQELKEIIKKKNPEEVTISVTAKTPEEAKKYAAKLTKLLKELGYNEIEVKFDGNTVTVTGKK,0.4565217494964599,40
SIEIKVTIKKDDEEIELEYTVESDEEFEKVLAEIEELIKKIDPEEVTISVKAETPEEAEKYAKKLEALFKKLGYKDITVKFDGTTVTVTGKK,0.4347825944423675,41
MIKIEVTIEDGKNTIKIEKEVESEEELEKVLKELEKLIKEKKPEKVTISVTAETPEEAKKYAAKLRKLLEKLGYNDIEVKFEGNTVTVTGKR,0.4565217494964599,42
QIKIVVKIEKDDEVIEIEEEVDSEEELEKVLEEYKELIKKLNPPKVTISVEAETREEAEKYAKKLKELLEELGYKDIEVKFEGNKVTVTGVK,0.4130434691905975,43
GIKITVTIEKGDETITIEKTVDSDEELEQVLAEIKEIIKEKNPPKVTISITAETPEQANKYAVLLKKLLEELGYKDLKVELNGNTVTVTGTR,0.3913043439388275,44
HIEITVTIVDGDEEIVIKKVVESEEELKKVLEDLKKLIEKKNPEKVTISIKAETKEEAEKYAKLLKKLLEELGYKDIKVEFKGNTVTVTGTK,0.4565217494964599,45
MLKIEVVIEKDGRTLVIRKEVESLEELDEVLAELKDIITQLNPEVVSISVTAKTREEAEKLAKRLTKLFTELGYSDLEVKFDGNTVTVTGRR,0.4347825944423675,46
MIKITVTIEKEDLTLKLERTVESEEEFEEVLEELKELIKKLNPEKVTISVTAETREEAERYAEKLKKFFLELGYKNITVKFEGNTVTVTGER,0.4347825944423675,47
MIEIKLKIEKGDKVIEIEKTVEDDEEFKKVLDELEEIIKKLNPDKVTISVTAETEEEAKKYAKILEELFKKLGYKDIKVEFEGNTVTVTGTK,0.4347825944423675,48
KIVVTVKIENGDKVIEIVKEVESDEEFKKVLEELEEIIKKENPETVTISVKAETKEKAKEYAEKLKEFFKKLGYNDIKVEFDGNTVTVTGKK,0.4347825944423675,49
GIKIEVTIKKDDLEIKLEYEVASDEELEKVLKELEKKIKELNPEKVTISVTAETPEEAEKYAKKLKKLLEKLGYKEIEVKLEGNTVTVTGTK,0.4130434691905975,50
MIEIHVVIEKGDEVLELFYKVESEKELEKVLEEIKKIIEEKNPPKVTISVKAETPEEAEKYAELLKKLLTELGYNTIKVELNGNTVTVTGER,0.4130434691905975,51
AVNITVTIEDGDEVEVLKYTVESEEEFEKVLEEIKKRIKEKNPEKVTISVTAETPEEAEKWAERLKELFTELGYNNIEVKFDGNTVTVTGTK,0.4565217494964599,52
MIQIKVVIEKEGRVIEREYEVESREELEEVLAELAELIREENPPVVTISVTAETPEEAREYAEELRELLEELGYSNLEEKLEGNTVTVTGQR,0.3804347813129425,53
MIRITVVIKSDGEEEVLEYEVEEEEKLEEVLEELAKKIKEKNPEEVTISVEAETPEDAEKYAERLRKLLEELGYNDIEIKFEGNTVTVTGKK,0.4239130318164825,54
MLRILVEIEDGDRRLVYRYEVEDEAELDEVLARLAQVIQELRPPRVTISVEAETPEEAERYAERLRALLTELGYTDITVEMRGNRVTVTGRR,0.3913043439388275,55
GIKIKVVIEKDGKKIVLEYEVESDEEFKKVLEELEKIIKKLNPKKVKISVTAETEEEAEEYAEILKEFLKKLGYKDIKVEFNGNTVTVEGKK,0.4673913121223449,56
NIEINIVIEKDGKIINYKDIVNSDEELLKVLKSYEEIIKKENPERVSISIKAKTEEEAIKYAEKLKKLLEKLGYKDIKVELNGTTVTVTGTK,0.4239130318164825,57
GIKITVTIEDGEKTIVIEKEVESDDELEKVLEELKKVIAQENPDKVTISIEAETPEEAKKYANILTDLLKELGYNDITVEMNGNTVTVTGTK,0.4347825944423675,58
GLKITVEITDGDKTILLEYEVESEEELKEVLEEIEKKIKELKPETVTISVEAETKEEAEKYAELLRKLLEKLGYKDIEVKFEGNKVTVTGKR,0.4239130318164825,59
SIKIKVTIEKDNETIEIEKEVDSEEELEKVLKEIEKLIKELDPEKVSISVTAKTPEEAKKYAEILKKLLKKLGYKDIEVRFEGNTVTVTGKR,0.4239130318164825,60
MIKITVTITDGGKTITLEKTVSSDEEFQEVLEEIEEKIKAENPEKVTITVTAETPEEAEVYAEILKELFKRLGYSDITVTFEGNTVTVTGTK,0.4456521868705749,61
MIKITVKIEKDDEKLELEFEVESEEDFKEVLEEIKEIIKKKNPEKVEISVKAKTPEEAKKYAEILEKLLKELGYNNIKVEMNGNTVTVTGEK,0.3913043439388275,62
MIRITVRIEDGDRELVLEYEVDSREELREVLERIQEVIREEAPPRVTISVTADSPEEAREYAELLRELLRELGYNRIEVRLDGNTVTVTGER,0.3804347813129425,63
MIRIEVVIEKGDETIRLEYEVESEEEFEEVLKEIEEIIKEKNPPKVSISVTARSPEEARRYAEVLRKLFEKLGYTDIEVRFEGNTVTVTGTK,0.4021739065647125,64
MLEITVTIKNEGEEIVIERKVDSDEEFEKVMAELKEIIKAKNPPEVTISITAATPEEAELYADKLRKLLEELGYNNITVELDGNTVTVTGER,0.4130434691905975,65
MIKIEVEIRDEGEIERLIREVEDEEALEEVLEEIREIIKEKNPEEVTISVEAETPEKAEEYAERLRELLEELGYNDIEVEMEGNTVTVTGKK,0.3913043439388275,66
MIKIVVEIKKDGKEIKLEYEVESEEELEEVLKEIKKIIKELNPEEVTISVTAKTPEEAQKYAVKLKKLFTELGYKDIEVTFDGNTVTVKGKK,0.47826087474823,67
MIKITVTIENGNETIEIKYEVEDEKELEKVLKEIEEIIKEKNPKKVSISVEAETKEEAEKYAKKLEKLLKKLGYNNITVEFEGNKVTVTGEK,0.4347825944423675,68
MIKITVTITKGDKTLVLKREVEDREELEEVLEELKEVIRKENPPKVTISVTAETPEEAEEYAEILRELLEELGYKDITVEFDGNTVTVTGTR,0.4347825944423675,69
MIKIKVTIKDGNKEIKIEYEVESKEELDKVFKEIKEIIEKENPKEVEISVTAETKEEAEEYAKRLKELFEELGYKDIKVEFEGNTVTVTGIK,0.4565217494964599,70
MIKITVTIEDGDDTIKLEYEVESEEEFKEVLESIKKIIKEKNPKTVTISVEAETPEEAKKYAEILKKLLTDLGYKNITVTFEGNTVTVTGTK,0.4130434691905975,71
GIKITVVIEKDDYIEVLNYEVESEEEFEEVLKEIKEKIKKLNPPKVTIAVEAKTPEEADKYAKILKKLFTELGYKDITVKKDGNTVTVTGTK,0.4239130318164825,72
SIEIEVTIKNGGKVIKIREEVESEESFEEVLERLKEIIKEENPEEVTISVKAETKEEAEEYAEKLKKLLKELGYKEIEVEFEGNKVKVTGRR,0.3804347813129425,73
MVEITVTIEDENKKIVIKKEVKSEEEFEKVLEEIKEIIKKENPPLVTISVKAETPEEAEKYAEILKKLLEELGYNDIEVKLEGNEVTVTGKR,0.4347825944423675,74
MIKINVKIEKEDEVIELKFEVKSKEELEKVLEEIKKIIEEKNPERVEISVTAETSEEAKEYAKLLRKLLEELGYKDIEVKFEGNTVTVTGVK,0.4021739065647125,75
AIKINVTIEKNGETIKLEKTVSSDEELEKVLKEISEIIKEKNPETVTISVTANTPEEAKQYAEKLTKLLTELGYKDITVSFDGTTVTVTGKK,0.4456521868705749,76
MIKVTVKIESENEVIEEEYEVSSDAELEKVLKELEEKIKKKNPEKVTISITAETAEEAKKYAEKLEKLLKKLGYKDIEVKLDGNTVTVTGKK,0.4565217494964599,77
AIKIEVTIKKGDKELKIEKTVDSDEELQEVLEEIEKIIKELNPEEVTITVTAETPEEASVYAERLKKLLEKLGYNDIKVEFDGNTVTVTGKK,0.4239130318164825,78
GVKIVVTIEDGGETIVLNHEVADDAAFDEVLAEIEAIIREKNPEVVTVSVTAATPEEAERYAARLRRLFERLGYNEITETLDGTTVTVTGRR,0.3695652186870575,79
GLLVEVVIKDGDKEIRLHREVAGREELERVLAELEELIRELNPPTVEISVTADTPEEAEEYAALLRELFTRLGYNDITVRFDGTTVTVTGKR,0.4456521868705749,80
GIKISVTIEDGNEKEVLEFEVESEESFEKVLKELKEIVEKKNPKKVTISVEAETPEEAKKYAEILKKFFEELGYNDIKVEMKGTKVTVTGEK,0.4239130318164825,81
MIEITVVIEKGDKTIVIKETVESEEEFEKVLKKIEKLIKELNPEKVTISVKAETPEEAEKYAEKLKKLLKKLGYKNIKVELNGNTVTVTGTK,0.3913043439388275,82
MILIKVVIEKGGEVEIIEKEVENEEEFEEVLEELKEIIKEKNPERVTISVTAETPEEAKKYAEILKELLKELGYDEIEIEFDGNTVTVTGKR,0.4239130318164825,83
MIKIEVTIEDGDKTIKLEYEVESEEEFDKVLKEIEELIEKENPPIVTISVTAETPEEAEKYAKILRKLLEKLGYNDIKVEMEGNKVTVTGKK,0.4456521868705749,84
MIKITVEIEKGDKVVKLEFEVDSREELEKVLEEIREKIKELNPEVVKISVEAETPEEAKEYAELLRELLKELGYDDIEIEMEGNKVTVTGRK,0.3586956560611725,85
MKKIKVVMENGGKKIEEEYEVSDDEEFEKVLEEIKKKIKELNPEKVTISVTAETKEEAEKYAKKLRKLFEELGYKDIEVKFDGNTVTVTGKR,0.4565217494964599,86
MLKVEVVIEDGDERLVLEYEVESEEEFEAVLEEIEKVIAERAPERVTISVTAESPEEAEEYARRLRELLERLGYSDLTVEFEGNTVRVTGRR,0.3695652186870575,87
MIKITVVIEKEDSTEVLEYTVEGKKELEEVLKEIAEIIKEKNPKRVTISVTAETPEEAKEYAKRLTALFKELGYNKITVTFEGNTVTVTGER,0.4456521868705749,88
MIKITVTIEDNDKTIVLEYEVKSDEELEEVLKEIKELIKKLNPERVTISVEASTPEEAEKYAKILKKLLEELGYKDITVELNGNTVTVTGTK,0.4673913121223449,89
MIKIKVEIIKDNETIVIEREVESDEEFKKVLEELKELIKKINPPEVKISVTAETKEEAKKYAEILKKLFTELGYKDIEVKFDGNTVTVTGKK,0.4673913121223449,90
MTKITVVITKDNKKIELKYEVTSDEEFKKVLKEIEEIIKKENPEEVEISVTAETPEKAKEYAEILKKLLKKLGYNDIEVNFNGNTVTVKGKK,0.4239130318164825,91
MIKIKVTLKDGQKTLVLEKEVDSKEELEEVLKEIKELIKELQPEQVTISVTADTPEEAEEYAKILKELLEELGYNNLEVKFDGNTVTVTGTR,0.4130434691905975,92
MIEITLTIKKGNETIEIKESVSSEEELEKVLESYKEKIRKLNPEEVTISVTAPTPEEAELYAEKLRELFEELGYKDIEVEFNGNTVTVTGRK,0.4021739065647125,93
MIKIEVIIKKDNKVIHIESEVNSEEELEEVLRELEEIIKKENPEEVTISVTAKTPEEAKKYAEKLEKLLKKLGYNDIEVKFDGNTVTVTGKK,0.4565217494964599,94
KIEIKVTIEKDDNKTELHFVVDSDEELEEVLEEIGKIVKEANPPIVSISVTARSPEEAEKYAERLKEFLQSLGYNDITVEMNGNTVTVTGKK,0.3804347813129425,95
MTEILARIEDGDRVLVIRREVDDEEAREEVLAELAELIKEANPELVTISVTAATPEEAERWAELLRRLLTELGYTDITVEFDGTTVTVTGRR,0.3913043439388275,96
SIVITVTIEKDGETIVLKKEVESEKEYEEVLEEIAKKIKELNPERVSISVEAETPEEAERYAKILRALLTELGYRNITVEFNGNKVTVTGVR,0.3913043439388275,97
SVLIEVVIEKEGEKLVIREEVESEEEFERVLKRLEKLIKELNPPKVTISVTAKTPEEAEKYAKILTELLKSLGYNNLKVEFNGNTVTVTGEK,0.3913043439388275,98
SIEINVVIEKNGETIEIKEKVDSEEELKQVLEELKKIIKEINPERVTISIKAKTPEEAEKYAKILKKLLEELGYKDIKIEMDGNTVTVTGKK,0.4673913121223449,99
